,day_stap,valid_section,repo_for_week
0,2023-01-28,[2220.0],2220.0
1,2023-01-29,"[2220.0, 1280.0]",3500.0
2,2023-01-30,"[2220.0, 1280.0, 1730.0]",5230.0
3,2023-01-31,"[2220.0, 1280.0, 1730.0, 4710.0]",9940.0
4,2023-02-01,"[2220.0, 1280.0, 1730.0, 4710.0, 1550.0]",11490.0
5,2023-02-02,"[2220.0, 1280.0, 1730.0, 4710.0, 1550.0, 660.0]",12150.0
6,2023-02-03,"[2220.0, 1280.0, 1730.0, 4710.0, 1550.0, 660.0, 230.0]",12380.0
7,2023-02-04,"[1280.0, 1730.0, 4710.0, 1550.0, 660.0, 230.0, 0.0]",10160.0
8,2023-02-05,"[1730.0, 4710.0, 1550.0, 660.0, 230.0, 0.0, 0.0]",8880.0
9,2023-02-06,"[4710.0, 1550.0, 660.0, 230.0, 0.0, 0.0, 1500.0]",8650.0
10,2023-02-07,"[1550.0, 660.0, 230.0, 0.0, 0.0, 1500.0, 3930.0]",7870.0
11,2023-02-08,"[660.0, 230.0, 0.0, 0.0, 1500.0, 3930.0, 6410.0]",12730.0
12,2023-02-09,"[230.0, 0.0, 0.0, 1500.0, 3930.0, 6410.0, 4530.0]",16600.0
13,2023-02-10,"[0.0, 0.0, 1500.0, 3930.0, 6410.0, 4530.0, 2030.0]",18400.0
14,2023-02-11,"[0.0, 1500.0, 3930.0, 6410.0, 4530.0, 2030.0, 0.0]",18400.0
15,2023-02-12,"[1500.0, 3930.0, 6410.0, 4530.0, 2030.0, 0.0, 0.0]",18400.0
16,2023-02-13,"[3930.0, 6410.0, 4530.0, 2030.0, 0.0, 0.0, 460.0]",17360.0
17,2023-02-14,"[6410.0, 4530.0, 2030.0, 0.0, 0.0, 460.0, 910.0]",14340.0
18,2023-02-15,"[4530.0, 2030.0, 0.0, 0.0, 460.0, 910.0, 2030.0]",9960.0
19,2023-02-16,"[2030.0, 0.0, 0.0, 460.0, 910.0, 2030.0, 4870.0]",10300.0
20,2023-02-17,"[0.0, 0.0, 460.0, 910.0, 2030.0, 4870.0, 8350.0]",16620.0
21,2023-02-18,"[0.0, 460.0, 910.0, 2030.0, 4870.0, 8350.0, 0.0]",16620.0
22,2023-02-19,"[460.0, 910.0, 2030.0, 4870.0, 8350.0, 0.0, 0.0]",16620.0
23,2023-02-20,"[910.0, 2030.0, 4870.0, 8350.0, 0.0, 0.0, 2700.0]",18860.0
24,2023-02-21,"[2030.0, 4870.0, 8350.0, 0.0, 0.0, 2700.0, 1500.0]",19450.0
25,2023-02-22,"[4870.0, 8350.0, 0.0, 0.0, 2700.0, 1500.0, 3000.0]",20420.0
26,2023-02-23,"[8350.0, 0.0, 0.0, 2700.0, 1500.0, 3000.0, 3000.0]",18550.0
27,2023-02-24,"[0.0, 0.0, 2700.0, 1500.0, 3000.0, 3000.0, 4700.0]",14900.0
28,2023-02-25,"[0.0, 2700.0, 1500.0, 3000.0, 3000.0, 4700.0, 0.0]",14900.0
29,2023-02-26,"[2700.0, 1500.0, 3000.0, 3000.0, 4700.0, 0.0, 0.0]",14900.0
30,2023-02-27,"[1500.0, 3000.0, 3000.0, 4700.0, 0.0, 0.0, 3360.0]",15560.0
31,2023-02-28,"[3000.0, 3000.0, 4700.0, 0.0, 0.0, 3360.0, 4810.0]",18870.0
32,2023-03-01,"[3000.0, 4700.0, 0.0, 0.0, 3360.0, 4810.0, 1070.0]",16940.0
33,2023-03-02,"[4700.0, 0.0, 0.0, 3360.0, 4810.0, 1070.0, 730.0]",14670.0
34,2023-03-03,"[0.0, 0.0, 3360.0, 4810.0, 1070.0, 730.0, 180.0]",10150.0
35,2023-03-04,"[0.0, 3360.0, 4810.0, 1070.0, 730.0, 180.0, 0.0]",10150.0
36,2023-03-05,"[3360.0, 4810.0, 1070.0, 730.0, 180.0, 0.0, 0.0]",10150.0
37,2023-03-06,"[4810.0, 1070.0, 730.0, 180.0, 0.0, 0.0, 70.0]",6860.0
38,2023-03-07,"[1070.0, 730.0, 180.0, 0.0, 0.0, 70.0, 30.0]",2080.0
39,2023-03-08,"[730.0, 180.0, 0.0, 0.0, 70.0, 30.0, 40.0]",1050.0
40,2023-03-09,"[180.0, 0.0, 0.0, 70.0, 30.0, 40.0, 30.0]",350.0
41,2023-03-10,"[0.0, 0.0, 70.0, 30.0, 40.0, 30.0, 150.0]",320.0
42,2023-03-11,"[0.0, 70.0, 30.0, 40.0, 30.0, 150.0, 0.0]",320.0
43,2023-03-12,"[70.0, 30.0, 40.0, 30.0, 150.0, 0.0, 0.0]",320.0
44,2023-03-13,"[30.0, 40.0, 30.0, 150.0, 0.0, 0.0, 410.0]",660.0
45,2023-03-14,"[40.0, 30.0, 150.0, 0.0, 0.0, 410.0, 290.0]",920.0
46,2023-03-15,"[30.0, 150.0, 0.0, 0.0, 410.0, 290.0, 1040.0]",1920.0
47,2023-03-16,"[150.0, 0.0, 0.0, 410.0, 290.0, 1040.0, 1090.0]",2980.0
48,2023-03-17,"[0.0, 0.0, 410.0, 290.0, 1040.0, 1090.0, 1800.0]",4630.0
49,2023-03-18,"[0.0, 410.0, 290.0, 1040.0, 1090.0, 1800.0, 0.0]",4630.0
50,2023-03-19,"[410.0, 290.0, 1040.0, 1090.0, 1800.0, 0.0, 0.0]",4630.0
51,2023-03-20,"[290.0, 1040.0, 1090.0, 1800.0, 0.0, 0.0, 300.0]",4520.0
52,2023-03-21,"[1040.0, 1090.0, 1800.0, 0.0, 0.0, 300.0, 1820.0]",6050.0
53,2023-03-22,"[1090.0, 1800.0, 0.0, 0.0, 300.0, 1820.0, 670.0]",5680.0
54,2023-03-23,"[1800.0, 0.0, 0.0, 300.0, 1820.0, 670.0, 640.0]",5230.0
55,2023-03-24,"[0.0, 0.0, 300.0, 1820.0, 670.0, 640.0, 70.0]",3500.0
56,2023-03-25,"[0.0, 300.0, 1820.0, 670.0, 640.0, 70.0, 0.0]",3500.0
57,2023-03-26,"[300.0, 1820.0, 670.0, 640.0, 70.0, 0.0, 0.0]",3500.0
58,2023-03-27,"[1820.0, 670.0, 640.0, 70.0, 0.0, 0.0, 2550.0]",5750.0
59,2023-03-28,"[670.0, 640.0, 70.0, 0.0, 0.0, 2550.0, 2780.0]",6710.0
60,2023-03-29,"[640.0, 70.0, 0.0, 0.0, 2550.0, 2780.0, 2000.0]",8040.0
61,2023-03-30,"[70.0, 0.0, 0.0, 2550.0, 2780.0, 2000.0, 2390.0]",9790.0
62,2023-03-31,"[0.0, 0.0, 2550.0, 2780.0, 2000.0, 2390.0, 1890.0]",11610.0
63,2023-04-01,"[0.0, 2550.0, 2780.0, 2000.0, 2390.0, 1890.0, 0.0]",11610.0
64,2023-04-02,"[2550.0, 2780.0, 2000.0, 2390.0, 1890.0, 0.0, 0.0]",11610.0
65,2023-04-03,"[2780.0, 2000.0, 2390.0, 1890.0, 0.0, 0.0, 20.0]",9080.0
66,2023-04-04,"[2000.0, 2390.0, 1890.0, 0.0, 0.0, 20.0, 20.0]",6320.0
67,2023-04-05,"[2390.0, 1890.0, 0.0, 0.0, 20.0, 20.0, 0.0]",4320.0
68,2023-04-06,"[1890.0, 0.0, 0.0, 20.0, 20.0, 0.0, 80.0]",2010.0
69,2023-04-07,"[0.0, 0.0, 20.0, 20.0, 0.0, 80.0, 170.0]",290.0
70,2023-04-08,"[0.0, 20.0, 20.0, 0.0, 80.0, 170.0, 0.0]",290.0
71,2023-04-09,"[20.0, 20.0, 0.0, 80.0, 170.0, 0.0, 0.0]",290.0
72,2023-04-10,"[20.0, 0.0, 80.0, 170.0, 0.0, 0.0, 180.0]",450.0
73,2023-04-11,"[0.0, 80.0, 170.0, 0.0, 0.0, 180.0, 50.0]",480.0
74,2023-04-12,"[80.0, 170.0, 0.0, 0.0, 180.0, 50.0, 70.0]",550.0
75,2023-04-13,"[170.0, 0.0, 0.0, 180.0, 50.0, 70.0, 90.0]",560.0
76,2023-04-14,"[0.0, 0.0, 180.0, 50.0, 70.0, 90.0, 150.0]",540.0
77,2023-04-15,"[0.0, 180.0, 50.0, 70.0, 90.0, 150.0, 0.0]",540.0
78,2023-04-16,"[180.0, 50.0, 70.0, 90.0, 150.0, 0.0, 0.0]",540.0
79,2023-04-17,"[50.0, 70.0, 90.0, 150.0, 0.0, 0.0, 200.0]",560.0
80,2023-04-18,"[70.0, 90.0, 150.0, 0.0, 0.0, 200.0, 380.0]",890.0
81,2023-04-19,"[90.0, 150.0, 0.0, 0.0, 200.0, 380.0, 320.0]",1140.0
82,2023-04-20,"[150.0, 0.0, 0.0, 200.0, 380.0, 320.0, 340.0]",1390.0
83,2023-04-21,"[0.0, 0.0, 200.0, 380.0, 320.0, 340.0, 880.0]",2120.0
84,2023-04-22,"[0.0, 200.0, 380.0, 320.0, 340.0, 880.0, 0.0]",2120.0
85,2023-04-23,"[200.0, 380.0, 320.0, 340.0, 880.0, 0.0, 890.0]",3010.0
86,2023-04-24,"[380.0, 320.0, 340.0, 880.0, 0.0, 890.0, 1150.0]",3960.0
87,2023-04-25,"[320.0, 340.0, 880.0, 0.0, 890.0, 1150.0, 1700.0]",5280.0
88,2023-04-26,"[340.0, 880.0, 0.0, 890.0, 1150.0, 1700.0, 950.0]",5910.0
89,2023-04-27,"[880.0, 0.0, 890.0, 1150.0, 1700.0, 950.0, 930.0]",6500.0
90,2023-04-28,"[0.0, 890.0, 1150.0, 1700.0, 950.0, 930.0, 1650.0]",7270.0
91,2023-04-29,"[890.0, 1150.0, 1700.0, 950.0, 930.0, 1650.0, 0.0]",7270.0
92,2023-04-30,"[1150.0, 1700.0, 950.0, 930.0, 1650.0, 0.0, 0.0]",6380.0
93,2023-05-01,"[1700.0, 950.0, 930.0, 1650.0, 0.0, 0.0, 0.0]",5230.0
94,2023-05-02,"[950.0, 930.0, 1650.0, 0.0, 0.0, 0.0, 0.0]",3530.0
95,2023-05-03,"[930.0, 1650.0, 0.0, 0.0, 0.0, 0.0, 0.0]",2580.0
96,2023-05-04,"[1650.0, 0.0, 0.0, 0.0, 0.0, 0.0, 330.0]",1980.0
97,2023-05-05,"[0.0, 0.0, 0.0, 0.0, 0.0, 330.0, 30.0]",360.0
98,2023-05-06,"[0.0, 0.0, 0.0, 0.0, 330.0, 30.0, 0.0]",360.0
99,2023-05-07,"[0.0, 0.0, 0.0, 330.0, 30.0, 0.0, 0.0]",360.0
100,2023-05-08,"[0.0, 0.0, 330.0, 30.0, 0.0, 0.0, 20.0]",380.0
101,2023-05-09,"[0.0, 330.0, 30.0, 0.0, 0.0, 20.0, 20.0]",400.0
102,2023-05-10,"[330.0, 30.0, 0.0, 0.0, 20.0, 20.0, 20.0]",420.0
103,2023-05-11,"[30.0, 0.0, 0.0, 20.0, 20.0, 20.0, 20.0]",110.0
104,2023-05-12,"[0.0, 0.0, 20.0, 20.0, 20.0, 20.0, 20.0]",100.0
105,2023-05-13,"[0.0, 20.0, 20.0, 20.0, 20.0, 20.0, 0.0]",100.0
106,2023-05-14,"[20.0, 20.0, 20.0, 20.0, 20.0, 0.0, 0.0]",100.0
107,2023-05-15,"[20.0, 20.0, 20.0, 20.0, 0.0, 0.0, 20.0]",100.0
108,2023-05-16,"[20.0, 20.0, 20.0, 0.0, 0.0, 20.0, 20.0]",100.0
109,2023-05-17,"[20.0, 20.0, 0.0, 0.0, 20.0, 20.0, 20.0]",100.0
110,2023-05-18,"[20.0, 0.0, 0.0, 20.0, 20.0, 20.0, 20.0]",100.0
111,2023-05-19,"[0.0, 0.0, 20.0, 20.0, 20.0, 20.0, 20.0]",100.0
112,2023-05-20,"[0.0, 20.0, 20.0, 20.0, 20.0, 20.0, 0.0]",100.0
113,2023-05-21,"[20.0, 20.0, 20.0, 20.0, 20.0, 0.0, 0.0]",100.0
114,2023-05-22,"[20.0, 20.0, 20.0, 20.0, 0.0, 0.0, 20.0]",100.0
115,2023-05-23,"[20.0, 20.0, 20.0, 0.0, 0.0, 20.0, 20.0]",100.0
116,2023-05-24,"[20.0, 20.0, 0.0, 0.0, 20.0, 20.0, 20.0]",100.0
117,2023-05-25,"[20.0, 0.0, 0.0, 20.0, 20.0, 20.0, 70.0]",150.0
118,2023-05-26,"[0.0, 0.0, 20.0, 20.0, 20.0, 70.0, 50.0]",180.0
119,2023-05-27,"[0.0, 20.0, 20.0, 20.0, 70.0, 50.0, 0.0]",180.0
120,2023-05-28,"[20.0, 20.0, 20.0, 70.0, 50.0, 0.0, 0.0]",180.0
121,2023-05-29,"[20.0, 20.0, 70.0, 50.0, 0.0, 0.0, 250.0]",410.0
122,2023-05-30,"[20.0, 70.0, 50.0, 0.0, 0.0, 250.0, 370.0]",760.0
123,2023-05-31,"[70.0, 50.0, 0.0, 0.0, 250.0, 370.0, 130.0]",870.0
124,2023-06-01,"[50.0, 0.0, 0.0, 250.0, 370.0, 130.0, 20.0]",820.0
125,2023-06-02,"[0.0, 0.0, 250.0, 370.0, 130.0, 20.0, 20.0]",790.0
126,2023-06-03,"[0.0, 250.0, 370.0, 130.0, 20.0, 20.0, 0.0]",790.0
127,2023-06-04,"[250.0, 370.0, 130.0, 20.0, 20.0, 0.0, 0.0]",790.0
128,2023-06-05,"[370.0, 130.0, 20.0, 20.0, 0.0, 0.0, 20.0]",560.0
129,2023-06-06,"[130.0, 20.0, 20.0, 0.0, 0.0, 20.0, 20.0]",210.0
130,2023-06-07,"[20.0, 20.0, 0.0, 0.0, 20.0, 20.0, 20.0]",100.0
131,2023-06-08,"[20.0, 0.0, 0.0, 20.0, 20.0, 20.0, 20.0]",100.0
132,2023-06-09,"[0.0, 0.0, 20.0, 20.0, 20.0, 20.0, 20.0]",100.0
133,2023-06-10,"[0.0, 20.0, 20.0, 20.0, 20.0, 20.0, 0.0]",100.0
134,2023-06-11,"[20.0, 20.0, 20.0, 20.0, 20.0, 0.0, 0.0]",100.0
135,2023-06-12,"[20.0, 20.0, 20.0, 20.0, 0.0, 0.0, 20.0]",100.0
136,2023-06-13,"[20.0, 20.0, 20.0, 0.0, 0.0, 20.0, 20.0]",100.0
137,2023-06-14,"[20.0, 20.0, 0.0, 0.0, 20.0, 20.0, 20.0]",100.0
138,2023-06-15,"[20.0, 0.0, 0.0, 20.0, 20.0, 20.0, 20.0]",100.0
139,2023-06-16,"[0.0, 0.0, 20.0, 20.0, 20.0, 20.0, 420.0]",500.0
140,2023-06-17,"[0.0, 20.0, 20.0, 20.0, 20.0, 420.0, 0.0]",500.0
141,2023-06-18,"[20.0, 20.0, 20.0, 20.0, 420.0, 0.0, 0.0]",500.0
142,2023-06-19,"[20.0, 20.0, 20.0, 420.0, 0.0, 0.0, 890.0]",1370.0
143,2023-06-20,"[20.0, 20.0, 420.0, 0.0, 0.0, 890.0, 1820.0]",3170.0
144,2023-06-21,"[20.0, 420.0, 0.0, 0.0, 890.0, 1820.0, 1450.0]",4600.0
145,2023-06-22,"[420.0, 0.0, 0.0, 890.0, 1820.0, 1450.0, 0.0]",4580.0
146,2023-06-23,"[0.0, 0.0, 890.0, 1820.0, 1450.0, 0.0, 0.0]",4160.0
147,2023-06-24,"[0.0, 890.0, 1820.0, 1450.0, 0.0, 0.0, 0.0]",4160.0
148,2023-06-25,"[890.0, 1820.0, 1450.0, 0.0, 0.0, 0.0, 1960.0]",6120.0
149,2023-06-26,"[1820.0, 1450.0, 0.0, 0.0, 0.0, 1960.0, 2440.0]",7670.0
150,2023-06-27,"[1450.0, 0.0, 0.0, 0.0, 1960.0, 2440.0, 2190.0]",8040.0
151,2023-06-28,"[0.0, 0.0, 0.0, 1960.0, 2440.0, 2190.0, 2140.0]",8730.0
152,2023-06-29,"[0.0, 0.0, 1960.0, 2440.0, 2190.0, 2140.0, 1930.0]",10660.0
153,2023-06-30,"[0.0, 1960.0, 2440.0, 2190.0, 2140.0, 1930.0, 1030.0]",11690.0
154,2023-07-01,"[1960.0, 2440.0, 2190.0, 2140.0, 1930.0, 1030.0, 0.0]",11690.0
155,2023-07-02,"[2440.0, 2190.0, 2140.0, 1930.0, 1030.0, 0.0, 0.0]",9730.0
156,2023-07-03,"[2190.0, 2140.0, 1930.0, 1030.0, 0.0, 0.0, 50.0]",7340.0
157,2023-07-04,"[2140.0, 1930.0, 1030.0, 0.0, 0.0, 50.0, 20.0]",5170.0
158,2023-07-05,"[1930.0, 1030.0, 0.0, 0.0, 50.0, 20.0, 20.0]",3050.0
159,2023-07-06,"[1030.0, 0.0, 0.0, 50.0, 20.0, 20.0, 20.0]",1140.0
160,2023-07-07,"[0.0, 0.0, 50.0, 20.0, 20.0, 20.0, 20.0]",130.0
161,2023-07-08,"[0.0, 50.0, 20.0, 20.0, 20.0, 20.0, 0.0]",130.0
162,2023-07-09,"[50.0, 20.0, 20.0, 20.0, 20.0, 0.0, 0.0]",130.0
163,2023-07-10,"[20.0, 20.0, 20.0, 20.0, 0.0, 0.0, 20.0]",100.0
164,2023-07-11,"[20.0, 20.0, 20.0, 0.0, 0.0, 20.0, 20.0]",100.0
165,2023-07-12,"[20.0, 20.0, 0.0, 0.0, 20.0, 20.0, 20.0]",100.0
166,2023-07-13,"[20.0, 0.0, 0.0, 20.0, 20.0, 20.0, 50.0]",130.0
167,2023-07-14,"[0.0, 0.0, 20.0, 20.0, 20.0, 50.0, 200.0]",310.0
168,2023-07-15,"[0.0, 20.0, 20.0, 20.0, 50.0, 200.0, 0.0]",310.0
169,2023-07-16,"[20.0, 20.0, 20.0, 50.0, 200.0, 0.0, 0.0]",310.0
170,2023-07-17,"[20.0, 20.0, 50.0, 200.0, 0.0, 0.0, 330.0]",620.0
171,2023-07-18,"[20.0, 50.0, 200.0, 0.0, 0.0, 330.0, 150.0]",750.0
172,2023-07-19,"[50.0, 200.0, 0.0, 0.0, 330.0, 150.0, 250.0]",980.0
173,2023-07-20,"[200.0, 0.0, 0.0, 330.0, 150.0, 250.0, 260.0]",1190.0
174,2023-07-21,"[0.0, 0.0, 330.0, 150.0, 250.0, 260.0, 130.0]",1120.0
175,2023-07-22,"[0.0, 330.0, 150.0, 250.0, 260.0, 130.0, 0.0]",1120.0
176,2023-07-23,"[330.0, 150.0, 250.0, 260.0, 130.0, 0.0, 0.0]",1120.0
177,2023-07-24,"[150.0, 250.0, 260.0, 130.0, 0.0, 0.0, 140.0]",930.0
178,2023-07-25,"[250.0, 260.0, 130.0, 0.0, 0.0, 140.0, 440.0]",1220.0
179,2023-07-26,"[260.0, 130.0, 0.0, 0.0, 140.0, 440.0, 1040.0]",2010.0
180,2023-07-27,"[130.0, 0.0, 0.0, 140.0, 440.0, 1040.0, 1140.0]",2890.0
181,2023-07-28,"[0.0, 0.0, 140.0, 440.0, 1040.0, 1140.0, 650.0]",3410.0
182,2023-07-29,"[0.0, 140.0, 440.0, 1040.0, 1140.0, 650.0, 0.0]",3410.0
183,2023-07-30,"[140.0, 440.0, 1040.0, 1140.0, 650.0, 0.0, 0.0]",3410.0
184,2023-07-31,"[440.0, 1040.0, 1140.0, 650.0, 0.0, 0.0, 310.0]",3580.0
185,2023-08-01,"[1040.0, 1140.0, 650.0, 0.0, 0.0, 310.0, 80.0]",3220.0
186,2023-08-02,"[1140.0, 650.0, 0.0, 0.0, 310.0, 80.0, 90.0]",2270.0
187,2023-08-03,"[650.0, 0.0, 0.0, 310.0, 80.0, 90.0, 30.0]",1160.0
188,2023-08-04,"[0.0, 0.0, 310.0, 80.0, 90.0, 30.0, 20.0]",530.0
189,2023-08-05,"[0.0, 310.0, 80.0, 90.0, 30.0, 20.0, 0.0]",530.0
190,2023-08-06,"[310.0, 80.0, 90.0, 30.0, 20.0, 0.0, 0.0]",530.0
191,2023-08-07,"[80.0, 90.0, 30.0, 20.0, 0.0, 0.0, 30.0]",250.0
192,2023-08-08,"[90.0, 30.0, 20.0, 0.0, 0.0, 30.0, 60.0]",230.0
193,2023-08-09,"[30.0, 20.0, 0.0, 0.0, 30.0, 60.0, 20.0]",160.0
194,2023-08-10,"[20.0, 0.0, 0.0, 30.0, 60.0, 20.0, 50.0]",180.0
195,2023-08-11,"[0.0, 0.0, 30.0, 60.0, 20.0, 50.0, 20.0]",180.0
196,2023-08-12,"[0.0, 30.0, 60.0, 20.0, 50.0, 20.0, 0.0]",180.0
197,2023-08-13,"[30.0, 60.0, 20.0, 50.0, 20.0, 0.0, 0.0]",180.0
198,2023-08-14,"[60.0, 20.0, 50.0, 20.0, 0.0, 0.0, 60.0]",210.0
199,2023-08-15,"[20.0, 50.0, 20.0, 0.0, 0.0, 60.0, 2040.0]",2190.0
200,2023-08-16,"[50.0, 20.0, 0.0, 0.0, 60.0, 2040.0, 2290.0]",4460.0
201,2023-08-17,"[20.0, 0.0, 0.0, 60.0, 2040.0, 2290.0, 1680.0]",6090.0
202,2023-08-18,"[0.0, 0.0, 60.0, 2040.0, 2290.0, 1680.0, 980.0]",7050.0
203,2023-08-19,"[0.0, 60.0, 2040.0, 2290.0, 1680.0, 980.0, 0.0]",7050.0
204,2023-08-20,"[60.0, 2040.0, 2290.0, 1680.0, 980.0, 0.0, 0.0]",7050.0
205,2023-08-21,"[2040.0, 2290.0, 1680.0, 980.0, 0.0, 0.0, 340.0]",7330.0
206,2023-08-22,"[2290.0, 1680.0, 980.0, 0.0, 0.0, 340.0, 1110.0]",6400.0
207,2023-08-23,"[1680.0, 980.0, 0.0, 0.0, 340.0, 1110.0, 3010.0]",7120.0
208,2023-08-24,"[980.0, 0.0, 0.0, 340.0, 1110.0, 3010.0, 610.0]",6050.0
209,2023-08-25,"[0.0, 0.0, 340.0, 1110.0, 3010.0, 610.0, 2210.0]",7280.0
210,2023-08-26,"[0.0, 340.0, 1110.0, 3010.0, 610.0, 2210.0, 0.0]",7280.0
211,2023-08-27,"[340.0, 1110.0, 3010.0, 610.0, 2210.0, 0.0, 0.0]",7280.0
212,2023-08-28,"[1110.0, 3010.0, 610.0, 2210.0, 0.0, 0.0, 3320.0]",10260.0
213,2023-08-29,"[3010.0, 610.0, 2210.0, 0.0, 0.0, 3320.0, 3850.0]",13000.0
214,2023-08-30,"[610.0, 2210.0, 0.0, 0.0, 3320.0, 3850.0, 3820.0]",13810.0
215,2023-08-31,"[2210.0, 0.0, 0.0, 3320.0, 3850.0, 3820.0, 2090.0]",15290.0
216,2023-09-01,"[0.0, 0.0, 3320.0, 3850.0, 3820.0, 2090.0, 1010.0]",14090.0
217,2023-09-02,"[0.0, 3320.0, 3850.0, 3820.0, 2090.0, 1010.0, 0.0]",14090.0
218,2023-09-03,"[3320.0, 3850.0, 3820.0, 2090.0, 1010.0, 0.0, 0.0]",14090.0
219,2023-09-04,"[3850.0, 3820.0, 2090.0, 1010.0, 0.0, 0.0, 120.0]",10890.0
220,2023-09-05,"[3820.0, 2090.0, 1010.0, 0.0, 0.0, 120.0, 140.0]",7180.0
221,2023-09-06,"[2090.0, 1010.0, 0.0, 0.0, 120.0, 140.0, 260.0]",3620.0
222,2023-09-07,"[1010.0, 0.0, 0.0, 120.0, 140.0, 260.0, 3300.0]",4830.0
223,2023-09-08,"[0.0, 0.0, 120.0, 140.0, 260.0, 3300.0, 3630.0]",7450.0
224,2023-09-09,"[0.0, 120.0, 140.0, 260.0, 3300.0, 3630.0, 0.0]",7450.0
225,2023-09-10,"[120.0, 140.0, 260.0, 3300.0, 3630.0, 0.0, 0.0]",7450.0
226,2023-09-11,"[140.0, 260.0, 3300.0, 3630.0, 0.0, 0.0, 2150.0]",9480.0
227,2023-09-12,"[260.0, 3300.0, 3630.0, 0.0, 0.0, 2150.0, 2090.0]",11430.0
228,2023-09-13,"[3300.0, 3630.0, 0.0, 0.0, 2150.0, 2090.0, 650.0]",11820.0
229,2023-09-14,"[3630.0, 0.0, 0.0, 2150.0, 2090.0, 650.0, 1100.0]",9620.0
230,2023-09-15,"[0.0, 0.0, 2150.0, 2090.0, 650.0, 1100.0, 5910.0]",11900.0
231,2023-09-16,"[0.0, 2150.0, 2090.0, 650.0, 1100.0, 5910.0, 0.0]",11900.0
232,2023-09-17,"[2150.0, 2090.0, 650.0, 1100.0, 5910.0, 0.0, 0.0]",11900.0
233,2023-09-18,"[2090.0, 650.0, 1100.0, 5910.0, 0.0, 0.0, 1840.0]",11590.0
234,2023-09-19,"[650.0, 1100.0, 5910.0, 0.0, 0.0, 1840.0, 2080.0]",11580.0
235,2023-09-20,"[1100.0, 5910.0, 0.0, 0.0, 1840.0, 2080.0, 2650.0]",13580.0
236,2023-09-21,"[5910.0, 0.0, 0.0, 1840.0, 2080.0, 2650.0, 1690.0]",14170.0
237,2023-09-22,"[0.0, 0.0, 1840.0, 2080.0, 2650.0, 1690.0, 0.0]",8260.0
238,2023-09-23,"[0.0, 1840.0, 2080.0, 2650.0, 1690.0, 0.0, 0.0]",8260.0
239,2023-09-24,"[1840.0, 2080.0, 2650.0, 1690.0, 0.0, 0.0, 0.0]",8260.0
240,2023-09-25,"[2080.0, 2650.0, 1690.0, 0.0, 0.0, 0.0, 0.0]",6420.0
241,2023-09-26,"[2650.0, 1690.0, 0.0, 0.0, 0.0, 0.0, 0.0]",4340.0
242,2023-09-27,"[1690.0, 0.0, 0.0, 0.0, 0.0, 0.0, 2000.0]",3690.0
243,2023-09-28,"[0.0, 0.0, 0.0, 0.0, 0.0, 2000.0, 1010.0]",3010.0
244,2023-09-29,"[0.0, 0.0, 0.0, 0.0, 2000.0, 1010.0, 0.0]",3010.0
245,2023-09-30,"[0.0, 0.0, 0.0, 2000.0, 1010.0, 0.0, 0.0]",3010.0
246,2023-10-01,"[0.0, 0.0, 2000.0, 1010.0, 0.0, 0.0, 0.0]",3010.0
247,2023-10-02,"[0.0, 2000.0, 1010.0, 0.0, 0.0, 0.0, 0.0]",3010.0
248,2023-10-03,"[2000.0, 1010.0, 0.0, 0.0, 0.0, 0.0, 0.0]",3010.0
249,2023-10-04,"[1010.0, 0.0, 0.0, 0.0, 0.0, 0.0, 0.0]",1010.0
250,2023-10-05,"[0.0, 0.0, 0.0, 0.0, 0.0, 0.0, 0.0]",0.0
251,2023-10-06,"[0.0, 0.0, 0.0, 0.0, 0.0, 0.0, 0.0]",0.0
252,2023-10-07,"[0.0, 0.0, 0.0, 0.0, 0.0, 0.0, 2000.0]",2000.0
253,2023-10-08,"[0.0, 0.0, 0.0, 0.0, 0.0, 2000.0, 200.0]",2200.0
254,2023-10-09,"[0.0, 0.0, 0.0, 0.0, 2000.0, 200.0, 200.0]",2400.0
255,2023-10-10,"[0.0, 0.0, 0.0, 2000.0, 200.0, 200.0, 670.0]",3070.0
256,2023-10-11,"[0.0, 0.0, 2000.0, 200.0, 200.0, 670.0, 1020.0]",4090.0
257,2023-10-12,"[0.0, 2000.0, 200.0, 200.0, 670.0, 1020.0, 1620.0]",5710.0
258,2023-10-13,"[2000.0, 200.0, 200.0, 670.0, 1020.0, 1620.0, 950.0]",6660.0
259,2023-10-14,"[200.0, 200.0, 670.0, 1020.0, 1620.0, 950.0, 0.0]",4660.0
260,2023-10-15,"[200.0, 670.0, 1020.0, 1620.0, 950.0, 0.0, 0.0]",4460.0
261,2023-10-16,"[670.0, 1020.0, 1620.0, 950.0, 0.0, 0.0, 1060.0]",5320.0
262,2023-10-17,"[1020.0, 1620.0, 950.0, 0.0, 0.0, 1060.0, 710.0]",5360.0
263,2023-10-18,"[1620.0, 950.0, 0.0, 0.0, 1060.0, 710.0, 1050.0]",5390.0
264,2023-10-19,"[950.0, 0.0, 0.0, 1060.0, 710.0, 1050.0, 3440.0]",7210.0
265,2023-10-20,"[0.0, 0.0, 1060.0, 710.0, 1050.0, 3440.0, 8230.0]",14490.0
266,2023-10-21,"[0.0, 1060.0, 710.0, 1050.0, 3440.0, 8230.0, 0.0]",14490.0
267,2023-10-22,"[1060.0, 710.0, 1050.0, 3440.0, 8230.0, 0.0, 0.0]",14490.0
268,2023-10-23,"[710.0, 1050.0, 3440.0, 8230.0, 0.0, 0.0, 8080.0]",21510.0
269,2023-10-24,"[1050.0, 3440.0, 8230.0, 0.0, 0.0, 8080.0, 5930.0]",26730.0
270,2023-10-25,"[3440.0, 8230.0, 0.0, 0.0, 8080.0, 5930.0, 5000.0]",30680.0
271,2023-10-26,"[8230.0, 0.0, 0.0, 8080.0, 5930.0, 5000.0, 4240.0]",31480.0
272,2023-10-27,"[0.0, 0.0, 8080.0, 5930.0, 5000.0, 4240.0, 4990.0]",28240.0
273,2023-10-28,"[0.0, 8080.0, 5930.0, 5000.0, 4240.0, 4990.0, 0.0]",28240.0
274,2023-10-29,"[8080.0, 5930.0, 5000.0, 4240.0, 4990.0, 0.0, 0.0]",28240.0
275,2023-10-30,"[5930.0, 5000.0, 4240.0, 4990.0, 0.0, 0.0, 6580.0]",26740.0
276,2023-10-31,"[5000.0, 4240.0, 4990.0, 0.0, 0.0, 6580.0, 6120.0]",26930.0
277,2023-11-01,"[4240.0, 4990.0, 0.0, 0.0, 6580.0, 6120.0, 3910.0]",25840.0
278,2023-11-02,"[4990.0, 0.0, 0.0, 6580.0, 6120.0, 3910.0, 1940.0]",23540.0
279,2023-11-03,"[0.0, 0.0, 6580.0, 6120.0, 3910.0, 1940.0, 430.0]",18980.0
280,2023-11-04,"[0.0, 6580.0, 6120.0, 3910.0, 1940.0, 430.0, 0.0]",18980.0
281,2023-11-05,"[6580.0, 6120.0, 3910.0, 1940.0, 430.0, 0.0, 0.0]",18980.0
282,2023-11-06,"[6120.0, 3910.0, 1940.0, 430.0, 0.0, 0.0, 180.0]",12580.0
283,2023-11-07,"[3910.0, 1940.0, 430.0, 0.0, 0.0, 180.0, 3530.0]",9990.0
284,2023-11-08,"[1940.0, 430.0, 0.0, 0.0, 180.0, 3530.0, 4740.0]",10820.0
285,2023-11-09,"[430.0, 0.0, 0.0, 180.0, 3530.0, 4740.0, 2020.0]",10900.0
286,2023-11-10,"[0.0, 0.0, 180.0, 3530.0, 4740.0, 2020.0, 2030.0]",12500.0
287,2023-11-11,"[0.0, 180.0, 3530.0, 4740.0, 2020.0, 2030.0, 0.0]",12500.0
288,2023-11-12,"[180.0, 3530.0, 4740.0, 2020.0, 2030.0, 0.0, 0.0]",12500.0
289,2023-11-13,"[3530.0, 4740.0, 2020.0, 2030.0, 0.0, 0.0, 1130.0]",13450.0
290,2023-11-14,"[4740.0, 2020.0, 2030.0, 0.0, 0.0, 1130.0, 4240.0]",14160.0
291,2023-11-15,"[2020.0, 2030.0, 0.0, 0.0, 1130.0, 4240.0, 4950.0]",14370.0
292,2023-11-16,"[2030.0, 0.0, 0.0, 1130.0, 4240.0, 4950.0, 3770.0]",16120.0
293,2023-11-17,"[0.0, 0.0, 1130.0, 4240.0, 4950.0, 3770.0, 3520.0]",17610.0
294,2023-11-18,"[0.0, 1130.0, 4240.0, 4950.0, 3770.0, 3520.0, 0.0]",17610.0
295,2023-11-19,"[1130.0, 4240.0, 4950.0, 3770.0, 3520.0, 0.0, 0.0]",17610.0
296,2023-11-20,"[4240.0, 4950.0, 3770.0, 3520.0, 0.0, 0.0, 2050.0]",18530.0
297,2023-11-21,"[4950.0, 3770.0, 3520.0, 0.0, 0.0, 2050.0, 3190.0]",17480.0
298,2023-11-22,"[3770.0, 3520.0, 0.0, 0.0, 2050.0, 3190.0, 4600.0]",17130.0
299,2023-11-23,"[3520.0, 0.0, 0.0, 2050.0, 3190.0, 4600.0, 5190.0]",18550.0
300,2023-11-24,"[0.0, 0.0, 2050.0, 3190.0, 4600.0, 5190.0, 6640.0]",21670.0
301,2023-11-25,"[0.0, 2050.0, 3190.0, 4600.0, 5190.0, 6640.0, 0.0]",21670.0
302,2023-11-26,"[2050.0, 3190.0, 4600.0, 5190.0, 6640.0, 0.0, 0.0]",21670.0
303,2023-11-27,"[3190.0, 4600.0, 5190.0, 6640.0, 0.0, 0.0, 5010.0]",24630.0
304,2023-11-28,"[4600.0, 5190.0, 6640.0, 0.0, 0.0, 5010.0, 4150.0]",25590.0
305,2023-11-29,"[5190.0, 6640.0, 0.0, 0.0, 5010.0, 4150.0, 4380.0]",25370.0
306,2023-11-30,"[6640.0, 0.0, 0.0, 5010.0, 4150.0, 4380.0, 6630.0]",26810.0
307,2023-12-01,"[0.0, 0.0, 5010.0, 4150.0, 4380.0, 6630.0, 1190.0]",21360.0
308,2023-12-02,"[0.0, 5010.0, 4150.0, 4380.0, 6630.0, 1190.0, 0.0]",21360.0
309,2023-12-03,"[5010.0, 4150.0, 4380.0, 6630.0, 1190.0, 0.0, 0.0]",21360.0
310,2023-12-04,"[4150.0, 4380.0, 6630.0, 1190.0, 0.0, 0.0, 670.0]",17020.0
311,2023-12-05,"[4380.0, 6630.0, 1190.0, 0.0, 0.0, 670.0, 2100.0]",14970.0
312,2023-12-06,"[6630.0, 1190.0, 0.0, 0.0, 670.0, 2100.0, 2400.0]",12990.0
313,2023-12-07,"[1190.0, 0.0, 0.0, 670.0, 2100.0, 2400.0, 3630.0]",9990.0
314,2023-12-08,"[0.0, 0.0, 670.0, 2100.0, 2400.0, 3630.0, 1970.0]",10770.0
315,2023-12-09,"[0.0, 670.0, 2100.0, 2400.0, 3630.0, 1970.0, 0.0]",10770.0
316,2023-12-10,"[670.0, 2100.0, 2400.0, 3630.0, 1970.0, 0.0, 0.0]",10770.0
317,2023-12-11,"[2100.0, 2400.0, 3630.0, 1970.0, 0.0, 0.0, 2850.0]",12950.0
318,2023-12-12,"[2400.0, 3630.0, 1970.0, 0.0, 0.0, 2850.0, 4140.0]",14990.0
319,2023-12-13,"[3630.0, 1970.0, 0.0, 0.0, 2850.0, 4140.0, 2650.0]",15240.0
320,2023-12-14,"[1970.0, 0.0, 0.0, 2850.0, 4140.0, 2650.0, 2620.0]",14230.0
321,2023-12-15,"[0.0, 0.0, 2850.0, 4140.0, 2650.0, 2620.0, 500.0]",12760.0
322,2023-12-16,"[0.0, 2850.0, 4140.0, 2650.0, 2620.0, 500.0, 0.0]",12760.0
323,2023-12-17,"[2850.0, 4140.0, 2650.0, 2620.0, 500.0, 0.0, 0.0]",12760.0
324,2023-12-18,"[4140.0, 2650.0, 2620.0, 500.0, 0.0, 0.0, 1840.0]",11750.0
325,2023-12-19,"[2650.0, 2620.0, 500.0, 0.0, 0.0, 1840.0, 1190.0]",8800.0
326,2023-12-20,"[2620.0, 500.0, 0.0, 0.0, 1840.0, 1190.0, 1340.0]",7490.0
327,2023-12-21,"[500.0, 0.0, 0.0, 1840.0, 1190.0, 1340.0, 1950.0]",6820.0
328,2023-12-22,"[0.0, 0.0, 1840.0, 1190.0, 1340.0, 1950.0, 400.0]",6720.0
329,2023-12-23,"[0.0, 1840.0, 1190.0, 1340.0, 1950.0, 400.0, 0.0]",6720.0
330,2023-12-24,"[1840.0, 1190.0, 1340.0, 1950.0, 400.0, 0.0, 0.0]",6720.0
331,2023-12-25,"[1190.0, 1340.0, 1950.0, 400.0, 0.0, 0.0, 3810.0]",8690.0
332,2023-12-26,"[1340.0, 1950.0, 400.0, 0.0, 0.0, 3810.0, 3830.0]",11330.0
333,2023-12-27,"[1950.0, 400.0, 0.0, 0.0, 3810.0, 3830.0, 4210.0]",14200.0
334,2023-12-28,"[400.0, 0.0, 0.0, 3810.0, 3830.0, 4210.0, 3740.0]",15990.0
335,2023-12-29,"[0.0, 0.0, 3810.0, 3830.0, 4210.0, 3740.0, 1950.0]",17540.0
336,2023-12-30,"[0.0, 3810.0, 3830.0, 4210.0, 3740.0, 1950.0, 0.0]",17540.0
337,2023-12-31,"[3810.0, 3830.0, 4210.0, 3740.0, 1950.0, 0.0, 0.0]",17540.0
338,2024-01-01,"[3830.0, 4210.0, 3740.0, 1950.0, 0.0, 0.0, 0.0]",13730.0
339,2024-01-02,"[4210.0, 3740.0, 1950.0, 0.0, 0.0, 0.0, 1370.0]",11270.0
340,2024-01-03,"[3740.0, 1950.0, 0.0, 0.0, 0.0, 1370.0, 140.0]",7200.0
341,2024-01-04,"[1950.0, 0.0, 0.0, 0.0, 1370.0, 140.0, 150.0]",3610.0
342,2024-01-05,"[0.0, 0.0, 0.0, 1370.0, 140.0, 150.0, 750.0]",2410.0
343,2024-01-06,"[0.0, 0.0, 1370.0, 140.0, 150.0, 750.0, 0.0]",2410.0
344,2024-01-07,"[0.0, 1370.0, 140.0, 150.0, 750.0, 0.0, 0.0]",2410.0
345,2024-01-08,"[1370.0, 140.0, 150.0, 750.0, 0.0, 0.0, 500.0]",2910.0
346,2024-01-09,"[140.0, 150.0, 750.0, 0.0, 0.0, 500.0, 650.0]",2190.0
347,2024-01-10,"[150.0, 750.0, 0.0, 0.0, 500.0, 650.0, 200.0]",2250.0
348,2024-01-11,"[750.0, 0.0, 0.0, 500.0, 650.0, 200.0, 270.0]",2370.0
349,2024-01-12,"[0.0, 0.0, 500.0, 650.0, 200.0, 270.0, 650.0]",2270.0
350,2024-01-13,"[0.0, 500.0, 650.0, 200.0, 270.0, 650.0, 0.0]",2270.0
351,2024-01-14,"[500.0, 650.0, 200.0, 270.0, 650.0, 0.0, 0.0]",2270.0
352,2024-01-15,"[650.0, 200.0, 270.0, 650.0, 0.0, 0.0, 890.0]",2660.0
353,2024-01-16,"[200.0, 270.0, 650.0, 0.0, 0.0, 890.0, 7600.0]",9610.0
354,2024-01-17,"[270.0, 650.0, 0.0, 0.0, 890.0, 7600.0, 5470.0]",14880.0
355,2024-01-18,"[650.0, 0.0, 0.0, 890.0, 7600.0, 5470.0, 1000.0]",15610.0
356,2024-01-19,"[0.0, 0.0, 890.0, 7600.0, 5470.0, 1000.0, 710.0]",15670.0
357,2024-01-20,"[0.0, 890.0, 7600.0, 5470.0, 1000.0, 710.0, 0.0]",15670.0
358,2024-01-21,"[890.0, 7600.0, 5470.0, 1000.0, 710.0, 0.0, 0.0]",15670.0
359,2024-01-22,"[7600.0, 5470.0, 1000.0, 710.0, 0.0, 0.0, 1220.0]",16000.0
360,2024-01-23,"[5470.0, 1000.0, 710.0, 0.0, 0.0, 1220.0, 4650.0]",13050.0
361,2024-01-24,"[1000.0, 710.0, 0.0, 0.0, 1220.0, 4650.0, 4630.0]",12210.0
362,2024-01-25,"[710.0, 0.0, 0.0, 1220.0, 4650.0, 4630.0, 4660.0]",15870.0
363,2024-01-26,"[0.0, 0.0, 1220.0, 4650.0, 4630.0, 4660.0, 4610.0]",19770.0
364,2024-01-27,"[0.0, 1220.0, 4650.0, 4630.0, 4660.0, 4610.0, 0.0]",19770.0
365,2024-01-28,"[1220.0, 4650.0, 4630.0, 4660.0, 4610.0, 0.0, 0.0]",19770.0
366,2024-01-29,"[4650.0, 4630.0, 4660.0, 4610.0, 0.0, 0.0, 5000.0]",23550.0
367,2024-01-30,"[4630.0, 4660.0, 4610.0, 0.0, 0.0, 5000.0, 5630.0]",24530.0
368,2024-01-31,"[4660.0, 4610.0, 0.0, 0.0, 5000.0, 5630.0, 5440.0]",25340.0
369,2024-02-01,"[4610.0, 0.0, 0.0, 5000.0, 5630.0, 5440.0, 430.0]",21110.0
370,2024-02-02,"[0.0, 0.0, 5000.0, 5630.0, 5440.0, 430.0, 830.0]",17330.0
